Workbook

Sheet Matriz Ckeck LIst
C3: MATRIZ PARA COMPROBACIÓN REQUERIMIENTOS DE CALIDAD DE PROYECTO ACADEMICO
D5: SISTEMA: | E5: BOT DE MENSAJERIA
F6: Requerimientos Funcionales
B7: Nº | C7: CRITERIOS DE CALIDAD (Documento/Requerimientos) | E7: Status Nivel de Acuerdo | F7: CU-001 Inicio de Conversacion yMenú de Bienvenida | G7: Status Nivel de Acuerdo | H7: 100 | I7: CU-002 Recopilación de Datos de Paciente Nuevo | J7: Status Nivel de Acuerdo | K7: CU-003 Selección de Sucursal
H8: 0
B9: 1 | C9: Agreed | E9: OK | F9: 1. Entrevista con la directora del centro médico 2. Encuesta a pacientes (n=22) 3. Versión v3.1 con feedback incorporado | G9: OK | H9: 1 | I9: 1. Entrevista con la directora del centro médico 2. Encuesta a pacientes (n=22) 3. Versión v3.1 con feedback incorporado | J9: OK | K9: 1. Entrevista con la directora del centro médico 2. Encuesta a pacientes (n=22) 3. Versión v3.1 con feedback incorporado
B10: 2 | C10: Ranked | E10: OK | F10: 1. Prioridad Crítica definida en el SRS. | G10: OK | I10: 1. Prioridad Crítica definida en el SRS. | J10: OK | K10: 1. Prioridad Crítica definida en el SRS.
B11: 3 | C11: Unambiguos | E11: OK | F11: 1. Lenguaje claro acompañado de un glosario. 2. El revisor comprende el flujo del requisito. | G11: NOK | I11: 1. No se detallan los datos personales a solicitar. 2. Formato de pasaporte y RUC sin regla definida. | J11: OK | K11: 1. Lenguaje claro acompañado de un glosario. 2. El revisor comprende el flujo del requisito.
B12: 4 | C12: Valid and up-to date | E12: OK | F12: 1. Se incorporaron los cambios luego de la revisión del cliente (v3.1). | G12: OK | I12: 1. Se incorporaron los cambios luego de la revisión del cliente (v3.1). | J12: OK | K12: 1. Se incorporaron los cambios luego de la revisión del cliente (v3.1).
B13: 5 | C13: Correct | E13: OK | F13: 1. Cumple con los objetivos del sistema. 2. Cumple con las necesidades del cliente. | G13: NOK | I13: 1. Cita la LGPD (Brasil); en Ecuador aplica la LOPDP. | J13: OK | K13: 1. Cumple con los objetivos del sistema. 2. Cumple con las necesidades del cliente.
B14: 6 | C14: Consisten | E14: NOK | F14: 1. Se declara agnóstico, pero depende de Evolution API (WhatsApp). 2. La máquina de estados (RF-014) no incluye el registro. | G14: NOK | I14: 1. La máquina de estados (RF-014) no incluye el registro. 2. Normativa de datos incoherente con Ecuador. | J14: NOK | K14: 1. Derivación tras 3 errores (RF-003) vs. 5 errores (RF-014).
B15: 7 | C15: Verifiable | E15: NOK | F15: 1. Requisito medible (< 1 segundo) 2. Ausencia de casos de prueba | G15: NOK | I15: 1. Validación módulo 10 medible 2. Ausencia de casos de prueba | J15: OK | K15: 1. Requisito medible (sedes ACTIVAS, 3 intentos) 2. Faltan casos de prueba formales
B16: 8 | C16: Realizable | E16: OK | F16: 1. Factible con la tecnología definida (Node.js, Redis, MongoDB). | G16: OK | I16: 1. Factible con la tecnología definida (Node.js, Redis, MongoDB). | J16: OK | K16: 1. Factible con la tecnología definida (Node.js, Redis, MongoDB).
B17: 9 | C17: Traceable | E17: OK | F17: 1. Identificador único y origen en caso de uso. 2. Relación con otros requisitos (RF-002, RNF-08). | G17: OK | I17: 1. Identificador único y origen en caso de uso. 2. Relación con otros requisitos (RF-001, RNF-07). | J17: OK | K17: 1. Identificador único y origen en caso de uso. 2. Relación con otros requisitos (RF-004, RF-013).
B18: 10 | C18: Complete | E18: NOK | F18: 1. No detalla las opciones del menú. 2. Faltan precondiciones y postcondiciones. | G18: NOK | I18: 1. No lista los campos obligatorios. 2. No contempla menores de edad ni rechazo del consentimiento. | J18: NOK | K18: 1. No define qué pasa si no hay sedes activas. 2. No define cómo se interpreta la respuesta por texto.
B19: 11 | C19: Understandability | E19: OK | F19: 1. Se involucra completamente al cliente. 2. Existe un glosario de términos para una mayor comprensión. | G19: OK | I19: 1. Se involucra completamente al cliente. 2. Existe un glosario de términos para una mayor comprensión. | J19: OK | K19: 1. Se involucra completamente al cliente. 2. Existe un glosario de términos para una mayor comprensión.

Sheet LISTA COMPROBACION CU-001
B1: SISTEMA: | C1: BOT DE MENSAJERÍA
B2: FECHA: | C2: 46300
B3: AUTOR: | C3: GUANO VICTOR
B4: REQUERIMIENTOS EVALUADOS : | C4: CU-001 Inicio de Conversación
A6: CONTENIDO
A7: No. | B7: Pregunta | C7: SI | D7: NO
A8: 1 | B8: Todos los requerimientos relevantes se han documentado? | C8: X
A9: 2 | B9: Se han implementado las funciones requeridas? | D9: X
A10: 3 | B10: Existe algún mecanismo que permita seguir el impacto de dicho requerimiento a lo largo del resto de las actividades del ciclo productivo.? | C10: X
A11: 4 | B11: El origen de cada requerimento individual está claro ? | C11: X
A12: 5 | B12: Que tan facil es devolverse a los requerimientos? | C12: X
A13: 6 | B13: Los requerimientos reflejan las necesidades y deseos del cliente? | C13: X
A14: 7 | B14: No hay contradicciones entre los requerimientos? | D14: X
A15: 8 | B15: El requerimiento que se esta especificando contribuye a alcanzar un objetivo definido ? | C15: X
A16: 9 | B16: Existe un proceso acotado (en plazo y presupuesto) que permita determinar que el sistema construido satisface lo descrito en el propio requerimiento? | D16: X
A17: SUMATORIA: | C17: =COUNTA('LISTA COMPROBACION CU-001'!$C$8:$C$16) -> 6 | D17: =COUNTA('LISTA COMPROBACION CU-001'!$D$8:$D$16) -> 3
A18: PORCENTAJE : | C18: =C17/9 -> 0.66666667 | D18: =D17/9 -> 0.33333333
A20: DOCUMENTACIÓN
A21: No. | B21: Pregunta | C21: SI | D21: NO
A22: 1 | B22: Aplica un estandar para la documetación de requerimiento? | C22: X
A23: 2 | B23: Cumple con la estructura definida por el estandar? | D23: X
A24: 3 | B24: Utiliza un Glosario de términos normalizado? | C24: X
A25: 4 | B25: Los requerimientos Funcionales estan sujetos a una única interpretación? | C25: X
A26: 5 | B26: El modelo aplicado cumple con la sintaxis? | D26: X
A27: SUMATORIA: | C27: =COUNTA('LISTA COMPROBACION CU-001'!$C$22:$C$26) -> 3 | D27: =COUNTA('LISTA COMPROBACION CU-001'!$D$22:$D$26) -> 2
A28: PORCENTAJE : | C28: =C27/5 -> 0.6 | D28: =D27/5 -> 0.4
A30: NIVEL DE ACUERDO
A31: No. | B31: Pregunta | C31: SI | D31: NO
A32: 1 | B32: Todos los requerimientos han sido acordados con todos los interesados? | C32: X
A33: 2 | B33: Todos los requerimientos modificados han sido acordados por todos los implicados? | C33: X
A34: 3 | B34: Han sido resueltos todos los conflictos conocidos respectos de los requerimientos? | D34: X
A35: SUMATORIA: | C35: =COUNTA('LISTA COMPROBACION CU-001'!$C$32:$C$34) -> 2 | D35: =COUNTA('LISTA COMPROBACION CU-001'!$D$32:$D$34) -> 1
A36: PORCENTAJE : | C36: =C35/3 -> 0.66666667 | D36: =D35/3 -> 0.33333333
A40: RESUMEN
B41: CONTENIDO | C41: =ROUND(C18*100,0) -> 67
B42: DOCUMENTACIÓN | C42: =ROUND(C28*100,0) -> 60
B43: NIVEL DE ACUERDO | C43: =ROUND(C36*100,0) -> 67

Sheet LISTA COMPROBACION CU-002
B1: SISTEMA: | C1: BOT DE MENSAJERÍA
B2: FECHA: | C2: 46300
B3: AUTOR: | C3: Mario Rosas
B4: REQUERIMIENTOS EVALUADOS : | C4: CU-002 Datos Paciente Nuevo
A6: CONTENIDO
A7: No. | B7: Pregunta | C7: SI | D7: NO
A8: 1 | B8: Todos los requerimientos relevantes se han documentado? | C8: X
A9: 2 | B9: Se han implementado las funciones requeridas? | D9: X
A10: 3 | B10: Existe algún mecanismo que permita seguir el impacto de dicho requerimiento a lo largo del resto de las actividades del ciclo productivo.? | C10: X
A11: 4 | B11: El origen de cada requerimento individual está claro ? | C11: X
A12: 5 | B12: Que tan facil es devolverse a los requerimientos? | C12: X
A13: 6 | B13: Los requerimientos reflejan las necesidades y deseos del cliente? | D13: X
A14: 7 | B14: No hay contradicciones entre los requerimientos? | D14: X
A15: 8 | B15: El requerimiento que se esta especificando contribuye a alcanzar un objetivo definido ? | C15: X
A16: 9 | B16: Existe un proceso acotado (en plazo y presupuesto) que permita determinar que el sistema construido satisface lo descrito en el propio requerimiento? | D16: X
A17: SUMATORIA: | C17: =COUNTA('LISTA COMPROBACION CU-002'!$C$8:$C$16) -> 5 | D17: =COUNTA('LISTA COMPROBACION CU-002'!$D$8:$D$16) -> 4
A18: PORCENTAJE : | C18: =C17/9 -> 0.55555556 | D18: =D17/9 -> 0.44444444
A20: DOCUMENTACIÓN
A21: No. | B21: Pregunta | C21: SI | D21: NO
A22: 1 | B22: Aplica un estandar para la documetación de requerimiento? | C22: X
A23: 2 | B23: Cumple con la estructura definida por el estandar? | D23: X
A24: 3 | B24: Utiliza un Glosario de términos normalizado? | C24: X
A25: 4 | B25: Los requerimientos Funcionales estan sujetos a una única interpretación? | D25: X
A26: 5 | B26: El modelo aplicado cumple con la sintaxis? | D26: X
A27: SUMATORIA: | C27: =COUNTA('LISTA COMPROBACION CU-002'!$C$22:$C$26) -> 2 | D27: =COUNTA('LISTA COMPROBACION CU-002'!$D$22:$D$26) -> 3
A28: PORCENTAJE : | C28: =C27/5 -> 0.4 | D28: =D27/5 -> 0.6
A30: NIVEL DE ACUERDO
A31: No. | B31: Pregunta | C31: SI | D31: NO
A32: 1 | B32: Todos los requerimientos han sido acordados con todos los interesados? | C32: X
A33: 2 | B33: Todos los requerimientos modificados han sido acordados por todos los implicados? | C33: X
A34: 3 | B34: Han sido resueltos todos los conflictos conocidos respectos de los requerimientos? | D34: X
A35: SUMATORIA: | C35: =COUNTA('LISTA COMPROBACION CU-002'!$C$32:$C$34) -> 2 | D35: =COUNTA('LISTA COMPROBACION CU-002'!$D$32:$D$34) -> 1
A36: PORCENTAJE : | C36: =C35/3 -> 0.66666667 | D36: =D35/3 -> 0.33333333
A40: RESUMEN
B41: CONTENIDO | C41: =ROUND(C18*100,0) -> 56
B42: DOCUMENTACIÓN | C42: =ROUND(C28*100,0) -> 40
B43: NIVEL DE ACUERDO | C43: =ROUND(C36*100,0) -> 67

Sheet LISTA COMPROBACION CU-003
B1: SISTEMA: | C1: BOT DE MENSAJERÍA
B2: FECHA: | C2: 46300
B3: AUTOR: | C3: Jonathan Ampuero
B4: REQUERIMIENTOS EVALUADOS : | C4: CU-003 Selección de Sucursal
A6: CONTENIDO
A7: No. | B7: Pregunta | C7: SI | D7: NO
A8: 1 | B8: Todos los requerimientos relevantes se han documentado? | C8: X
A9: 2 | B9: Se han implementado las funciones requeridas? | D9: X
A10: 3 | B10: Existe algún mecanismo que permita seguir el impacto de dicho requerimiento a lo largo del resto de las actividades del ciclo productivo.? | C10: X
A11: 4 | B11: El origen de cada requerimento individual está claro ? | C11: X
A12: 5 | B12: Que tan facil es devolverse a los requerimientos? | C12: X
A13: 6 | B13: Los requerimientos reflejan las necesidades y deseos del cliente? | C13: X
A14: 7 | B14: No hay contradicciones entre los requerimientos? | D14: X
A15: 8 | B15: El requerimiento que se esta especificando contribuye a alcanzar un objetivo definido ? | C15: X
A16: 9 | B16: Existe un proceso acotado que permita determinar que el sistema construido satisface lo descrito en el propio requerimiento? | C16: X
A17: SUMATORIA: | C17: =COUNTA('LISTA COMPROBACION CU-003'!$C$8:$C$16) -> 7 | D17: =COUNTA('LISTA COMPROBACION CU-003'!$D$8:$D$16) -> 2
A18: PORCENTAJE : | C18: =C17/9 -> 0.77777778 | D18: =D17/9 -> 0.22222222
A20: DOCUMENTACIÓN
A21: No. | B21: Pregunta | C21: SI | D21: NO
A22: 1 | B22: Aplica un estandar para la documetación de requerimiento? | C22: X
A23: 2 | B23: Cumple con la estructura definida por el estandar? | D23: X
A24: 3 | B24: Utiliza un Glosario de términos normalizado? | C24: X
A25: 4 | B25: Los requerimientos Funcionales estan sujetos a una única interpretación? | C25: X
A26: 5 | B26: El modelo aplicado cumple con la sintaxis? | D26: X
A27: SUMATORIA: | C27: =COUNTA('LISTA COMPROBACION CU-003'!$C$22:$C$26) -> 3 | D27: =COUNTA('LISTA COMPROBACION CU-003'!$D$22:$D$26) -> 2
A28: PORCENTAJE : | C28: =C27/5 -> 0.6 | D28: =D27/5 -> 0.4
A30: NIVEL DE ACUERDO
A31: No. | B31: Pregunta | C31: SI | D31: NO
A32: 1 | B32: Todos los requerimientos han sido acordados con todos los interesados? | C32: X
A33: 2 | B33: Todos los requerimientos modificados han sido acordados por todos los implicados? | C33: X
A34: 3 | B34: Han sido resueltos todos los conflictos conocidos respectos de los requerimientos? | D34: X
A35: SUMATORIA: | C35: =COUNTA('LISTA COMPROBACION CU-003'!$C$32:$C$34) -> 2 | D35: =COUNTA('LISTA COMPROBACION CU-003'!$D$32:$D$34) -> 1
A36: PORCENTAJE : | C36: =C35/3 -> 0.66666667 | D36: =D35/3 -> 0.33333333
A40: RESUMEN
B41: CONTENIDO | C41: =ROUND(C18*100,0) -> 78
B42: DOCUMENTACIÓN | C42: =ROUND(C28*100,0) -> 60
B43: NIVEL DE ACUERDO | C43: =ROUND(C36*100,0) -> 67

Sheet RECOMENDACIONES CU-001
A1: PREGUNTA | B1: RECOMENDACIÓN
A2: ¿El requisito es completo y consistente con los demás requisitos? | B2: Detallar las opciones del menú de bienvenida, agregar precondiciones y postcondiciones, e incluir en la máquina de estados (RF-014) el paso de registro al que deriva el requisito.
A3: ¿Se han definido criterios de aceptación y casos de prueba que permitan medir objetivamente el cumplimiento del requisito? | B3: Definir criterios de aceptación medibles (paciente registrado, paciente nuevo, tiempo de respuesta) y documentar un caso de prueba por cada uno con datos de entrada y resultado esperado.
A4: ¿Se han resuelto los conflictos conocidos del requisito? | B4: Aclarar que Evolution API es solo el adaptador de WhatsApp y validar el cambio con el cliente y el tutor en una minuta formal.

Sheet RECOMENDACIONES CU-002
A1: PREGUNTA | B1: RECOMENDACIÓN
A2: ¿El requisito refleja correctamente las necesidades del cliente y la normativa vigente? | B2: Reemplazar la LGPD por la Ley Orgánica de Protección de Datos Personales de Ecuador (LOPDP) en el requisito, el glosario y los requisitos relacionados.
A3: ¿El requisito es completo, claro y consistente con los demás requisitos? | B3: Listar los campos obligatorios del registro, definir el flujo para menores de edad y para el rechazo del consentimiento, e incluir los estados del registro en la máquina de estados (RF-014).
A4: ¿Se han definido criterios de aceptación y casos de prueba que permitan medir objetivamente el cumplimiento del requisito? | B4: Diseñar casos de prueba para cédula válida e inválida, pasaporte, RUC, correo inválido y rechazo del consentimiento, indicando datos de entrada y resultado esperado.

Sheet RECOMENDACIONES CU-003
A1: PREGUNTA | B1: RECOMENDACIÓN
A2: ¿El requisito es consistente con los demás requisitos? | B2: Unificar el número de errores antes de derivar al asesor (3 o 5) en RF-003, RF-013, RF-014 y en la tabla de actores, y validar la decisión con el cliente.
A3: ¿El requisito es completo? | B3: Definir el comportamiento cuando no hay sedes activas o existe una sola, y cómo se interpreta una respuesta escrita por texto (mayúsculas, tildes, coincidencia parcial).
